1420166117032,1420166117032,1420166117032,1420166117032,1420166117032
1420252517032,1420252517032,1420252517032,1420252517032,1420252517032
1420338917032,1420338917032,1420338917032,1420338917032,1420338917032
1420425317032,1420425317032,1420425317032,1420425317032,1420425317032
1420511717032,1420511717032,1420511717032,1420511717032,1420511717032
1420598117032,1420598117032,1420598117032,1420598117032,1420598117032
1420684517032,1420684517032,1420684517032,1420684517032,1420684517032
1420770917032,1420770917032,1420770917032,1420770917032,1420770917032
1420857317032,1420857317032,1420857317032,1420857317032,1420857317032
1420943717032,1420943717032,1420943717032,1420943717032,1420943717032
1421030117032,1421030117032,1421030117032,1421030117032,1421030117032
1421116517032,1421116517032,1421116517032,1421116517032,1421116517032
1421202917032,1421202917032,1421202917032,1421202917032,1421202917032
1421289317032,1421289317032,1421289317032,1421289317032,1421289317032
1421375717032,1421375717032,1421375717032,1421375717032,1421375717032
1421462117032,1421462117032,1421462117032,1421462117032,1421462117032
1421548517032,1421548517032,1421548517032,1421548517032,1421548517032
1421634917032,1421634917032,1421634917032,1421634917032,1421634917032
1421721317032,1421721317032,1421721317032,1421721317032,1421721317032
1421807717032,1421807717032,1421807717032,1421807717032,1421807717032
1421894117032,1421894117032,1421894117032,1421894117032,1421894117032
1421980517032,1421980517032,1421980517032,1421980517032,1421980517032
1422066917032,1422066917032,1422066917032,1422066917032,1422066917032
1422153317032,1422153317032,1422153317032,1422153317032,1422153317032
1422239717032,1422239717032,1422239717032,1422239717032,1422239717032
1422326117032,1422326117032,1422326117032,1422326117032,1422326117032
1422412517032,1422412517032,1422412517032,1422412517032,1422412517032
1422498917032,1422498917032,1422498917032,1422498917032,1422498917032
1422585317032,1422585317032,1422585317032,1422585317032,1422585317032
1422671717032,1422671717032,1422671717032,1422671717032,1422671717032
1422758117032,1422758117032,1422758117032,1422758117032,1422758117032
1422844517032,1422844517032,1422844517032,1422844517032,1422844517032
1422930917032,1422930917032,1422930917032,1422930917032,1422930917032
1423017317032,1423017317032,1423017317032,1423017317032,1423017317032
1423103717032,1423103717032,1423103717032,1423103717032,1423103717032
1423190117032,1423190117032,1423190117032,1423190117032,1423190117032
1423276517032,1423276517032,1423276517032,1423276517032,1423276517032
1423362917032,1423362917032,1423362917032,1423362917032,1423362917032
1423449317032,1423449317032,1423449317032,1423449317032,1423449317032
1423535717032,1423535717032,1423535717032,1423535717032,1423535717032
1423622117032,1423622117032,1423622117032,1423622117032,1423622117032
1423708517032,1423708517032,1423708517032,1423708517032,1423708517032
1423794917032,1423794917032,1423794917032,1423794917032,1423794917032
1423881317032,1423881317032,1423881317032,1423881317032,1423881317032
1423967717032,1423967717032,1423967717032,1423967717032,1423967717032
1424054117032,1424054117032,1424054117032,1424054117032,1424054117032
1424140517032,1424140517032,1424140517032,1424140517032,1424140517032
1424226917032,1424226917032,1424226917032,1424226917032,1424226917032
1424313317032,1424313317032,1424313317032,1424313317032,1424313317032
1424399717032,1424399717032,1424399717032,1424399717032,1424399717032
1424486117032,1424486117032,1424486117032,1424486117032,1424486117032
1424572517032,1424572517032,1424572517032,1424572517032,1424572517032
1424658917032,1424658917032,1424658917032,1424658917032,1424658917032
1424745317032,1424745317032,1424745317032,1424745317032,1424745317032
1424831717032,1424831717032,1424831717032,1424831717032,1424831717032
1424918117032,1424918117032,1424918117032,1424918117032,1424918117032
1425004517032,1425004517032,1425004517032,1425004517032,1425004517032
1425090917032,1425090917032,1425090917032,1425090917032,1425090917032
1425177317032,1425177317032,1425177317032,1425177317032,1425177317032
1425263717032,1425263717032,1425263717032,1425263717032,1425263717032
1425350117032,1425350117032,1425350117032,1425350117032,1425350117032
1425436517032,1425436517032,1425436517032,1425436517032,1425436517032
1425522917032,1425522917032,1425522917032,1425522917032,1425522917032
1425609317032,1425609317032,1425609317032,1425609317032,1425609317032
1425695717032,1425695717032,1425695717032,1425695717032,1425695717032
1425782117032,1425782117032,1425782117032,1425782117032,1425782117032
1425868517032,1425868517032,1425868517032,1425868517032,1425868517032
1425954917032,1425954917032,1425954917032,1425954917032,1425954917032
1426041317032,1426041317032,1426041317032,1426041317032,1426041317032
1426127717032,1426127717032,1426127717032,1426127717032,1426127717032
1426214117032,1426214117032,1426214117032,1426214117032,1426214117032
1426300517032,1426300517032,1426300517032,1426300517032,1426300517032
1426386917032,1426386917032,1426386917032,1426386917032,1426386917032
1426473317032,1426473317032,1426473317032,1426473317032,1426473317032
1426559717032,1426559717032,1426559717032,1426559717032,1426559717032
1426646117032,1426646117032,1426646117032,1426646117032,1426646117032
1426732517032,1426732517032,1426732517032,1426732517032,1426732517032
1426818917032,1426818917032,1426818917032,1426818917032,1426818917032
1426905317032,1426905317032,1426905317032,1426905317032,1426905317032
1426991717032,1426991717032,1426991717032,1426991717032,1426991717032
1427078117032,1427078117032,1427078117032,1427078117032,1427078117032
1427164517032,1427164517032,1427164517032,1427164517032,1427164517032
1427250917032,1427250917032,1427250917032,1427250917032,1427250917032
1427337317032,1427337317032,1427337317032,1427337317032,1427337317032
1427423717032,1427423717032,1427423717032,1427423717032,1427423717032
1427510117032,1427510117032,1427510117032,1427510117032,1427510117032
1427596517032,1427596517032,1427596517032,1427596517032,1427596517032
1427682917032,1427682917032,1427682917032,1427682917032,1427682917032
1427769317032,1427769317032,1427769317032,1427769317032,1427769317032
1427855717032,1427855717032,1427855717032,1427855717032,1427855717032
1427942117032,1427942117032,1427942117032,1427942117032,1427942117032
1428028517032,1428028517032,1428028517032,1428028517032,1428028517032
1428114917032,1428114917032,1428114917032,1428114917032,1428114917032
1428201317032,1428201317032,1428201317032,1428201317032,1428201317032
1428287717032,1428287717032,1428287717032,1428287717032,1428287717032
1428374117032,1428374117032,1428374117032,1428374117032,1428374117032
1428460517032,1428460517032,1428460517032,1428460517032,1428460517032
1428546917032,1428546917032,1428546917032,1428546917032,1428546917032
1428633317032,1428633317032,1428633317032,1428633317032,1428633317032
1428719717032,1428719717032,1428719717032,1428719717032,1428719717032
1428806117032,1428806117032,1428806117032,1428806117032,1428806117032
1428892517032,1428892517032,1428892517032,1428892517032,1428892517032
1428978917032,1428978917032,1428978917032,1428978917032,1428978917032
1429065317032,1429065317032,1429065317032,1429065317032,1429065317032
1429151717032,1429151717032,1429151717032,1429151717032,1429151717032
1429238117032,1429238117032,1429238117032,1429238117032,1429238117032
1429324517032,1429324517032,1429324517032,1429324517032,1429324517032
1429410917032,1429410917032,1429410917032,1429410917032,1429410917032
1429497317032,1429497317032,1429497317032,1429497317032,1429497317032
1429583717032,1429583717032,1429583717032,1429583717032,1429583717032
1429670117032,1429670117032,1429670117032,1429670117032,1429670117032
1429756517032,1429756517032,1429756517032,1429756517032,1429756517032
1429842917032,1429842917032,1429842917032,1429842917032,1429842917032
1429929317032,1429929317032,1429929317032,1429929317032,1429929317032
1430015717032,1430015717032,1430015717032,1430015717032,1430015717032
1430102117032,1430102117032,1430102117032,1430102117032,1430102117032
1430188517032,1430188517032,1430188517032,1430188517032,1430188517032
1430274917032,1430274917032,1430274917032,1430274917032,1430274917032
1430361317032,1430361317032,1430361317032,1430361317032,1430361317032
1430447717032,1430447717032,1430447717032,1430447717032,1430447717032
1430534117032,1430534117032,1430534117032,1430534117032,1430534117032
1430620517032,1430620517032,1430620517032,1430620517032,1430620517032
1430706917032,1430706917032,1430706917032,1430706917032,1430706917032
1430793317032,1430793317032,1430793317032,1430793317032,1430793317032
1430879717032,1430879717032,1430879717032,1430879717032,1430879717032
1430966117032,1430966117032,1430966117032,1430966117032,1430966117032
1431052517032,1431052517032,1431052517032,1431052517032,1431052517032
1431138917032,1431138917032,1431138917032,1431138917032,1431138917032
1431225317032,1431225317032,1431225317032,1431225317032,1431225317032
1431311717032,1431311717032,1431311717032,1431311717032,1431311717032
1431398117032,1431398117032,1431398117032,1431398117032,1431398117032
1431484517032,1431484517032,1431484517032,1431484517032,1431484517032
1431570917032,1431570917032,1431570917032,1431570917032,1431570917032
1431657317032,1431657317032,1431657317032,1431657317032,1431657317032
1431743717032,1431743717032,1431743717032,1431743717032,1431743717032
1431830117032,1431830117032,1431830117032,1431830117032,1431830117032
1431916517032,1431916517032,1431916517032,1431916517032,1431916517032
1432002917032,1432002917032,1432002917032,1432002917032,1432002917032
1432089317032,1432089317032,1432089317032,1432089317032,1432089317032
1432175717032,1432175717032,1432175717032,1432175717032,1432175717032
1432262117032,1432262117032,1432262117032,1432262117032,1432262117032
1432348517032,1432348517032,1432348517032,1432348517032,1432348517032
1432434917032,1432434917032,1432434917032,1432434917032,1432434917032
1432521317032,1432521317032,1432521317032,1432521317032,1432521317032
1432607717032,1432607717032,1432607717032,1432607717032,1432607717032
1432694117032,1432694117032,1432694117032,1432694117032,1432694117032
1432780517032,1432780517032,1432780517032,1432780517032,1432780517032
1432866917032,1432866917032,1432866917032,1432866917032,1432866917032
1432953317032,1432953317032,1432953317032,1432953317032,1432953317032
1433039717032,1433039717032,1433039717032,1433039717032,1433039717032
1433126117032,1433126117032,1433126117032,1433126117032,1433126117032
1433212517032,1433212517032,1433212517032,1433212517032,1433212517032
1433298917032,1433298917032,1433298917032,1433298917032,1433298917032
1433385317032,1433385317032,1433385317032,1433385317032,1433385317032
1433471717032,1433471717032,1433471717032,1433471717032,1433471717032
1433558117032,1433558117032,1433558117032,1433558117032,1433558117032
1433644517032,1433644517032,1433644517032,1433644517032,1433644517032
1433730917032,1433730917032,1433730917032,1433730917032,1433730917032
1433817317032,1433817317032,1433817317032,1433817317032,1433817317032
1433903717032,1433903717032,1433903717032,1433903717032,1433903717032
1433990117032,1433990117032,1433990117032,1433990117032,1433990117032
1434076517032,1434076517032,1434076517032,1434076517032,1434076517032
1434162917032,1434162917032,1434162917032,1434162917032,1434162917032
1434249317032,1434249317032,1434249317032,1434249317032,1434249317032
1434335717032,1434335717032,1434335717032,1434335717032,1434335717032
1434422117032,1434422117032,1434422117032,1434422117032,1434422117032
1434508517032,1434508517032,1434508517032,1434508517032,1434508517032
1434594917032,1434594917032,1434594917032,1434594917032,1434594917032
1434681317032,1434681317032,1434681317032,1434681317032,1434681317032
1434767717032,1434767717032,1434767717032,1434767717032,1434767717032
1434854117032,1434854117032,1434854117032,1434854117032,1434854117032
1434940517032,1434940517032,1434940517032,1434940517032,1434940517032
1435026917032,1435026917032,1435026917032,1435026917032,1435026917032
1435113317032,1435113317032,1435113317032,1435113317032,1435113317032
1435199717032,1435199717032,1435199717032,1435199717032,1435199717032
1435286117032,1435286117032,1435286117032,1435286117032,1435286117032
1435372517032,1435372517032,1435372517032,1435372517032,1435372517032
1435458917032,1435458917032,1435458917032,1435458917032,1435458917032
1435545317032,1435545317032,1435545317032,1435545317032,1435545317032
1435631717032,1435631717032,1435631717032,1435631717032,1435631717032
1435718117032,1435718117032,1435718117032,1435718117032,1435718117032
1435804517032,1435804517032,1435804517032,1435804517032,1435804517032
1435890917032,1435890917032,1435890917032,1435890917032,1435890917032
1435977317032,1435977317032,1435977317032,1435977317032,1435977317032
1436063717032,1436063717032,1436063717032,1436063717032,1436063717032
1436150117032,1436150117032,1436150117032,1436150117032,1436150117032
1436236517032,1436236517032,1436236517032,1436236517032,1436236517032
1436322917032,1436322917032,1436322917032,1436322917032,1436322917032
1436409317032,1436409317032,1436409317032,1436409317032,1436409317032
1436495717032,1436495717032,1436495717032,1436495717032,1436495717032
1436582117032,1436582117032,1436582117032,1436582117032,1436582117032
1436668517032,1436668517032,1436668517032,1436668517032,1436668517032
1436754917032,1436754917032,1436754917032,1436754917032,1436754917032
1436841317032,1436841317032,1436841317032,1436841317032,1436841317032
1436927717032,1436927717032,1436927717032,1436927717032,1436927717032
1437014117032,1437014117032,1437014117032,1437014117032,1437014117032
1437100517032,1437100517032,1437100517032,1437100517032,1437100517032
1437186917032,1437186917032,1437186917032,1437186917032,1437186917032
1437273317032,1437273317032,1437273317032,1437273317032,1437273317032
1437359717032,1437359717032,1437359717032,1437359717032,1437359717032
1437446117032,1437446117032,1437446117032,1437446117032,1437446117032
1437532517032,1437532517032,1437532517032,1437532517032,1437532517032
1437618917032,1437618917032,1437618917032,1437618917032,1437618917032
1437705317032,1437705317032,1437705317032,1437705317032,1437705317032
1437791717032,1437791717032,1437791717032,1437791717032,1437791717032
1437878117032,1437878117032,1437878117032,1437878117032,1437878117032
1437964517032,1437964517032,1437964517032,1437964517032,1437964517032
1438050917032,1438050917032,1438050917032,1438050917032,1438050917032
1438137317032,1438137317032,1438137317032,1438137317032,1438137317032
1438223717032,1438223717032,1438223717032,1438223717032,1438223717032
1438310117032,1438310117032,1438310117032,1438310117032,1438310117032
1438396517032,1438396517032,1438396517032,1438396517032,1438396517032
1438482917032,1438482917032,1438482917032,1438482917032,1438482917032
1438569317032,1438569317032,1438569317032,1438569317032,1438569317032
1438655717032,1438655717032,1438655717032,1438655717032,1438655717032
1438742117032,1438742117032,1438742117032,1438742117032,1438742117032
1438828517032,1438828517032,1438828517032,1438828517032,1438828517032
1438914917032,1438914917032,1438914917032,1438914917032,1438914917032
1439001317032,1439001317032,1439001317032,1439001317032,1439001317032
1439087717032,1439087717032,1439087717032,1439087717032,1439087717032
1439174117032,1439174117032,1439174117032,1439174117032,1439174117032
1439260517032,1439260517032,1439260517032,1439260517032,1439260517032
1439346917032,1439346917032,1439346917032,1439346917032,1439346917032
1439433317032,1439433317032,1439433317032,1439433317032,1439433317032
1439519717032,1439519717032,1439519717032,1439519717032,1439519717032
1439606117032,1439606117032,1439606117032,1439606117032,1439606117032
1439692517032,1439692517032,1439692517032,1439692517032,1439692517032
1439778917032,1439778917032,1439778917032,1439778917032,1439778917032
1439865317032,1439865317032,1439865317032,1439865317032,1439865317032
1439951717032,1439951717032,1439951717032,1439951717032,1439951717032
1440038117032,1440038117032,1440038117032,1440038117032,1440038117032
1440124517032,1440124517032,1440124517032,1440124517032,1440124517032
1440210917032,1440210917032,1440210917032,1440210917032,1440210917032
1440297317032,1440297317032,1440297317032,1440297317032,1440297317032
1440383717032,1440383717032,1440383717032,1440383717032,1440383717032
1440470117032,1440470117032,1440470117032,1440470117032,1440470117032
1440556517032,1440556517032,1440556517032,1440556517032,1440556517032
1440642917032,1440642917032,1440642917032,1440642917032,1440642917032
1440729317032,1440729317032,1440729317032,1440729317032,1440729317032
1440815717032,1440815717032,1440815717032,1440815717032,1440815717032
1440902117032,1440902117032,1440902117032,1440902117032,1440902117032
1440988517032,1440988517032,1440988517032,1440988517032,1440988517032
1441074917032,1441074917032,1441074917032,1441074917032,1441074917032
1441161317032,1441161317032,1441161317032,1441161317032,1441161317032
1441247717032,1441247717032,1441247717032,1441247717032,1441247717032
1441334117032,1441334117032,1441334117032,1441334117032,1441334117032
1441420517032,1441420517032,1441420517032,1441420517032,1441420517032
1441506917032,1441506917032,1441506917032,1441506917032,1441506917032
1441593317032,1441593317032,1441593317032,1441593317032,1441593317032
1441679717032,1441679717032,1441679717032,1441679717032,1441679717032
1441766117032,1441766117032,1441766117032,1441766117032,1441766117032
1441852517032,1441852517032,1441852517032,1441852517032,1441852517032
1441938917032,1441938917032,1441938917032,1441938917032,1441938917032
1442025317032,1442025317032,1442025317032,1442025317032,1442025317032
1442111717032,1442111717032,1442111717032,1442111717032,1442111717032
1442198117032,1442198117032,1442198117032,1442198117032,1442198117032
1442284517032,1442284517032,1442284517032,1442284517032,1442284517032
1442370917032,1442370917032,1442370917032,1442370917032,1442370917032
1442457317032,1442457317032,1442457317032,1442457317032,1442457317032
1442543717032,1442543717032,1442543717032,1442543717032,1442543717032
1442630117032,1442630117032,1442630117032,1442630117032,1442630117032
1442716517032,1442716517032,1442716517032,1442716517032,1442716517032
1442802917032,1442802917032,1442802917032,1442802917032,1442802917032
1442889317032,1442889317032,1442889317032,1442889317032,1442889317032
1442975717032,1442975717032,1442975717032,1442975717032,1442975717032
1443062117032,1443062117032,1443062117032,1443062117032,1443062117032
1443148517032,1443148517032,1443148517032,1443148517032,1443148517032
1443234917032,1443234917032,1443234917032,1443234917032,1443234917032
1443321317032,1443321317032,1443321317032,1443321317032,1443321317032
1443407717032,1443407717032,1443407717032,1443407717032,1443407717032
1443494117032,1443494117032,1443494117032,1443494117032,1443494117032
1443580517032,1443580517032,1443580517032,1443580517032,1443580517032
1443666917032,1443666917032,1443666917032,1443666917032,1443666917032
1443753317032,1443753317032,1443753317032,1443753317032,1443753317032
1443839717032,1443839717032,1443839717032,1443839717032,1443839717032
1443926117032,1443926117032,1443926117032,1443926117032,1443926117032
1444012517032,1444012517032,1444012517032,1444012517032,1444012517032
1444098917032,1444098917032,1444098917032,1444098917032,1444098917032
1444185317032,1444185317032,1444185317032,1444185317032,1444185317032
1444271717032,1444271717032,1444271717032,1444271717032,1444271717032
1444358117032,1444358117032,1444358117032,1444358117032,1444358117032
1444444517032,1444444517032,1444444517032,1444444517032,1444444517032
1444530917032,1444530917032,1444530917032,1444530917032,1444530917032
1444617317032,1444617317032,1444617317032,1444617317032,1444617317032
1444703717032,1444703717032,1444703717032,1444703717032,1444703717032
1444790117032,1444790117032,1444790117032,1444790117032,1444790117032
1444876517032,1444876517032,1444876517032,1444876517032,1444876517032
1444962917032,1444962917032,1444962917032,1444962917032,1444962917032
1445049317032,1445049317032,1445049317032,1445049317032,1445049317032
1445135717032,1445135717032,1445135717032,1445135717032,1445135717032
1445222117032,1445222117032,1445222117032,1445222117032,1445222117032
1445308517032,1445308517032,1445308517032,1445308517032,1445308517032
1445394917032,1445394917032,1445394917032,1445394917032,1445394917032
1445481317032,1445481317032,1445481317032,1445481317032,1445481317032
1445567717032,1445567717032,1445567717032,1445567717032,1445567717032
1445654117032,1445654117032,1445654117032,1445654117032,1445654117032
1445740517032,1445740517032,1445740517032,1445740517032,1445740517032
1445826917032,1445826917032,1445826917032,1445826917032,1445826917032
1445913317032,1445913317032,1445913317032,1445913317032,1445913317032
1445999717032,1445999717032,1445999717032,1445999717032,1445999717032
1446086117032,1446086117032,1446086117032,1446086117032,1446086117032
1446172517032,1446172517032,1446172517032,1446172517032,1446172517032
1446258917032,1446258917032,1446258917032,1446258917032,1446258917032
1446345317032,1446345317032,1446345317032,1446345317032,1446345317032
1446431717032,1446431717032,1446431717032,1446431717032,1446431717032
1446518117032,1446518117032,1446518117032,1446518117032,1446518117032
1446604517032,1446604517032,1446604517032,1446604517032,1446604517032
1446690917032,1446690917032,1446690917032,1446690917032,1446690917032
1446777317032,1446777317032,1446777317032,1446777317032,1446777317032
1446863717032,1446863717032,1446863717032,1446863717032,1446863717032
1446950117032,1446950117032,1446950117032,1446950117032,1446950117032
1447036517032,1447036517032,1447036517032,1447036517032,1447036517032
1447122917032,1447122917032,1447122917032,1447122917032,1447122917032
1447209317032,1447209317032,1447209317032,1447209317032,1447209317032
1447295717032,1447295717032,1447295717032,1447295717032,1447295717032
1447382117032,1447382117032,1447382117032,1447382117032,1447382117032
1447468517032,1447468517032,1447468517032,1447468517032,1447468517032
1447554917032,1447554917032,1447554917032,1447554917032,1447554917032
1447641317032,1447641317032,1447641317032,1447641317032,1447641317032
1447727717032,1447727717032,1447727717032,1447727717032,1447727717032
1447814117032,1447814117032,1447814117032,1447814117032,1447814117032
1447900517032,1447900517032,1447900517032,1447900517032,1447900517032
1447986917032,1447986917032,1447986917032,1447986917032,1447986917032
1448073317032,1448073317032,1448073317032,1448073317032,1448073317032
1448159717032,1448159717032,1448159717032,1448159717032,1448159717032
1448246117032,1448246117032,1448246117032,1448246117032,1448246117032
1448332517032,1448332517032,1448332517032,1448332517032,1448332517032
1448418917032,1448418917032,1448418917032,1448418917032,1448418917032
1448505317032,1448505317032,1448505317032,1448505317032,1448505317032
1448591717032,1448591717032,1448591717032,1448591717032,1448591717032
1448678117032,1448678117032,1448678117032,1448678117032,1448678117032
1448764517032,1448764517032,1448764517032,1448764517032,1448764517032
1448850917032,1448850917032,1448850917032,1448850917032,1448850917032
1448937317032,1448937317032,1448937317032,1448937317032,1448937317032
1449023717032,1449023717032,1449023717032,1449023717032,1449023717032
1449110117032,1449110117032,1449110117032,1449110117032,1449110117032
1449196517032,1449196517032,1449196517032,1449196517032,1449196517032
1449282917032,1449282917032,1449282917032,1449282917032,1449282917032
1449369317032,1449369317032,1449369317032,1449369317032,1449369317032
1449455717032,1449455717032,1449455717032,1449455717032,1449455717032
1449542117032,1449542117032,1449542117032,1449542117032,1449542117032
1449628517032,1449628517032,1449628517032,1449628517032,1449628517032
1449714917032,1449714917032,1449714917032,1449714917032,1449714917032
1449801317032,1449801317032,1449801317032,1449801317032,1449801317032
1449887717032,1449887717032,1449887717032,1449887717032,1449887717032
1449974117032,1449974117032,1449974117032,1449974117032,1449974117032
1450060517032,1450060517032,1450060517032,1450060517032,1450060517032
1450146917032,1450146917032,1450146917032,1450146917032,1450146917032
1450233317032,1450233317032,1450233317032,1450233317032,1450233317032
1450319717032,1450319717032,1450319717032,1450319717032,1450319717032
1450406117032,1450406117032,1450406117032,1450406117032,1450406117032
1450492517032,1450492517032,1450492517032,1450492517032,1450492517032
1450578917032,1450578917032,1450578917032,1450578917032,1450578917032
1450665317032,1450665317032,1450665317032,1450665317032,1450665317032
1450751717032,1450751717032,1450751717032,1450751717032,1450751717032
1450838117032,1450838117032,1450838117032,1450838117032,1450838117032
1450924517032,1450924517032,1450924517032,1450924517032,1450924517032
1451010917032,1451010917032,1451010917032,1451010917032,1451010917032
1451097317032,1451097317032,1451097317032,1451097317032,1451097317032
1451183717032,1451183717032,1451183717032,1451183717032,1451183717032
1451270117032,1451270117032,1451270117032,1451270117032,1451270117032
1451356517032,1451356517032,1451356517032,1451356517032,1451356517032
1451442917032,1451442917032,1451442917032,1451442917032,1451442917032
1451529317032,1451529317032,1451529317032,1451529317032,1451529317032
1451615717032,1451615717032,1451615717032,1451615717032,1451615717032
